{"cameraMode":{"drawMode":0,"name":"Shaded","section":"Shading Mode"},"sceneLighting":true,"audioPlay":false,"sceneViewState":{"showFog":true,"showMaterialUpdate":false,"showSkybox":true,"showFlares":true,"showImageEffects":true,"showParticleSystems":true},"in2DMode":false,"pivot":{"x":1.1712664365768433,"y":-0.5029933452606201,"z":24.36640167236328},"rotation":{"x":0.2644939720630646,"y":-0.27859562635421755,"z":0.07986043393611908,"w":0.9199248552322388},"size":32.36674118041992,"orthographic":false}