{"cameraMode":{"drawMode":0,"name":"Shaded","section":"Shading Mode"},"sceneLighting":true,"audioPlay":false,"sceneViewState":{"showFog":true,"showMaterialUpdate":false,"showSkybox":true,"showFlares":true,"showImageEffects":true,"showParticleSystems":true},"in2DMode":false,"pivot":{"x":8.151485443115235,"y":-10.973182678222657,"z":-3.9542999267578127},"rotation":{"x":0.3712441921234131,"y":-0.5405101776123047,"z":0.28700774908065798,"w":0.698439359664917},"size":70.36385345458985,"orthographic":false}